username,music_genre_name
JeanetteWelch,Punk
OrestesByrd,Disco
OrestesByrd,Rock
JacquiBoswell,Folk
JacquiBoswell,Jazz
AngeletteReid,Rock
AngeletteReid,Blues
NaziaHamilton,Pop
NaziaHamilton,Punk
BrooklinSinger,Soul
TaftWoodard,Blues
MaymeSolomon,Punk
TylishaJoyce,Disco
RichardJohnston,Blues
YanSong,Pop
MadeleineBaker,Classical
KeokiRich,Rock
KeokiRich,Punk
JasmaineFloyd,Pop
ShalekaParrott,Rock
ShalekaParrott,Disco
GisellaButler,Jazz
GisellaButler,Pop
GenesaHawkins,Soul
GenesaHawkins,Metal
AydeeByrd,Pop
AydeeByrd,Country
AristidesKennedy,Jazz
AristidesKennedy,Folk
HenriMcLaughlin,Classical
HenriMcLaughlin,Jazz
LajuanaGrant,Rock
JawadMcLean,Soul
DemorioMangum,Disco
TiffinyByrne,Metal
TiffinyByrne,Punk
RenelColeman,Rock
RenelColeman,Soul
TashiraHinton,Punk
TafariPickett,Country
MarcioCooper,Rock
VikaBlack,Rock
VikaBlack,Jazz
IndeaMcClure,Country
DarbyRose,Disco
DarbyRose,Jazz
SonalLawrence,Metal
SonalLawrence,Rock
LevellWalton,Soul
SherrilynSykes,Metal
GaroldGolden,Punk
GaroldGolden,Disco
CleliaKaplan,Pop
CleliaKaplan,Disco
LatreseFox,Jazz
LatreseFox,Country
ReveccaGlass,Pop
ReveccaGlass,Disco
MarbinDunn,Punk
DeshonnaPerkins,Blues
DeshonnaPerkins,Soul
JannelleLawrence,Soul
AquilHodge,Soul
BlazeJoseph,Classical
BruchaSong,Rock
BruchaSong,Jazz
DineshMcKenna,Classical
DineshMcKenna,Metal
TyanaOlsen,Pop
KashonnaMcClure,Rock
KashonnaMcClure,Metal
HanselMay,Metal
HanselMay,Rock
TykiaJones,Metal
TykiaJones,Jazz
TamilliaMatthews,Metal
TamilliaMatthews,Punk
BeverlyMay,Disco
KipKinney,Soul
KasandraBarr,Blues
JalonGriffin,Metal
JalonGriffin,Classical
MeginBarton,Punk
MeginBarton,Disco
TrevonRowe,Country
DakishaBurch,Blues
BrentynByrd,Folk
ChannellRowe,Disco
TakashiJennings,Metal
TakashiJennings,Classical
EleeshaHawkins,Soul
ChianteGoldman,Rock
ChianteGoldman,Blues
CaritaRoss,Jazz
CaritaRoss,Blues
LareshaVick,Jazz
LareshaVick,Blues
JebadiahDougherty,Soul
JebadiahDougherty,Rock
ShervinHouston,Soul
ShervinHouston,Classical
TarinaSinclair,Pop
TarinaSinclair,Jazz
CandiesGray,Jazz
CandiesGray,Blues
JareeConner,Country
DraperMoore,Pop
DraperMoore,Country
CarahPetersen,Jazz
RonelleGoldman,Punk
DarickClapp,Country
DarickClapp,Jazz
JarrisMiddleton,Rock
JarrisMiddleton,Soul
MikiScarborough,Disco
LadariusGraham,Punk
WaymondSteele,Soul
WaymondSteele,Country
ShantaleHatcher,Punk
HusseinAbrams,Soul
GarrettReid,Blues
GarrettReid,Disco
KimberleePearson,Rock
KimberleePearson,Jazz
EmilyannEason,Metal
LennoxNorman,Pop
LennoxNorman,Jazz
KenyanMatthews,Blues
KenyanMatthews,Punk
RigelKane,Disco
RigelKane,Jazz
AneishaCassidy,Punk
ShabazzWillis,Rock
CorneilusHall,Folk
CorneilusHall,Soul
ElonaTeague,Folk
ElonaTeague,Classical
JohmSchultz,Rock
TamiekaWillis,Classical
TamiekaWillis,Rock
DameonMacDonald,Jazz
AamilLawrence,Blues
QuintinMorse,Jazz
ColbiTilley,Blues
RoshaundaTeague,Soul
JessciaTilley,Metal
JessciaTilley,Disco
LaqueishaGlover,Pop
LaqueishaGlover,Classical
MarvinHobbs,Metal
MarvinHobbs,Punk
CherrishBoswell,Metal
CherrishBoswell,Blues
DelmerHouston,Blues
ConstanceJoseph,Folk
ConstanceJoseph,Country
DariceSparks,Metal
DariceSparks,Country
DeleciaSteele,Blues
HilarieVick,Classical
HilarieVick,Folk
AudreLucas,Jazz
DiontaWelch,Soul
DiontaWelch,Classical
KaliaStevenson,Country
KaliaStevenson,Folk
MerryWelch,Disco
YeseniaMatthews,Classical
YeseniaMatthews,Jazz
AarronGrant,Disco
AarronGrant,Jazz
MontrelBoswell,Metal
SequoyaWeiner,Folk
SequoyaWeiner,Disco
LehiWalton,Rock
LehiWalton,Blues
AleksanderHester,Punk
QuintusBoswell,Folk
MckaylaMcKenzie,Rock
MckaylaMcKenzie,Pop
CherilynJustice,Soul
JoshalynAbbott,Rock
KevanDougherty,Disco
RoseyZhang,Jazz
RoseyZhang,Country
GraysonStarr,Country
AnnamariaBowman,Punk
MatteaSinclair,Metal
MatteaSinclair,Jazz
ChanaeWilkerson,Metal
CharnitaSinclair,Folk
ArnieScarborough,Disco
ChanseWeiner,Rock
WaylonMelton,Country
WaylonMelton,Punk
GalinaKennedy,Soul
JessicMcClure,Folk
JessicMcClure,Blues
AntwyneTerrell,Pop
DevikaRich,Blues
DevikaRich,Punk
SendyFinch,Rock
SendyFinch,Country
RobLane,Classical
RobLane,Rock
NicholesSparks,Folk
RosibelWhitaker,Disco
RosibelWhitaker,Rock
EdsonPittman,Folk
AlianaSumner,Folk
NairobyTilley,Punk
NairobyTilley,Pop
LeanaMoon,Classical
KiannaHanna,Rock
KiannaHanna,Disco
AunnaMcKenzie,Country
ShalanMcClure,Metal
ShalanMcClure,Classical
QuartezWalton,Punk
QuartezWalton,Blues
LaporcheSnyder,Blues
LaporcheSnyder,Rock
NatinaJoyce,Blues
NatinaJoyce,Metal
EvensSnyder,Soul
EvensSnyder,Metal
SteviClapp,Rock
SteviClapp,Punk
LeishaHawkins,Metal
MaricelaMonroe,Soul
MaricelaMonroe,Pop
IyonaAlexander,Punk
JamillahClapp,Metal
JamillahClapp,Folk
CaseeBarton,Pop
CaseeBarton,Blues
MoniceSnyder,Folk
ZafirahAbbott,Country
TayloreHardin,Disco
MichelRoss,Rock
SandroSong,Classical
AarronHoyle,Punk
AarronHoyle,Rock
AshiaMcNeill,Country
CameronDavidson,Soul
CameronDavidson,Blues
TexasChandler,Classical
TexasChandler,Metal
AncilMonroe,Blues
AncilMonroe,Metal
TyreeDunn,Pop
GiovannyMoon,Punk
GiovannyMoon,Soul
Dammonnull,Disco
AdelaNichols,Rock
AdelaNichols,Classical
ChastineHolloway,Blues
JeaniceMcLaughlin,Classical
JeaniceMcLaughlin,Country
RustyJames,Rock
JulieannaChristian,Rock
JulieannaChristian,Blues
DeneneGoldman,Punk
RiannAlexander,Country
AlfordBowden,Rock
LecoleBecker,Blues
MarioGriffin,Pop
UtopiaCassidy,Punk
ErikkaPickett,Disco
ErikkaPickett,Punk
RainiePuckett,Rock
ErienneBarton,Country
GerrenStevenson,Jazz
GerrenStevenson,Folk
ToureMcNeill,Punk
ToureMcNeill,Disco
AlexanerHunt,Classical
SonO'Donnell,Classical
SonO'Donnell,Rock
RiannAbbott,Blues
TrystanDesai,Punk
ChastaScarborough,Classical
DarianaHoyle,Blues
DarianaHoyle,Metal
ColynTeague,Blues
ColynTeague,Rock
PaulMcAllister,Classical
VedaPowers,Metal
VedaPowers,Punk
TorrellMcNamara,Pop
TorrellMcNamara,Disco
LizetteAbbott,Punk
PreetiGoldman,Blues
AnnamariaThornton,Rock
CherisBlack,Folk
CherisBlack,Country
ClaudioButler,Folk
DeliseBeasley,Disco
DeliseBeasley,Punk
MelvinDavis,Punk
SteveCook,Rock
SteveCook,Pop
AliceMcCarthy,Blues
AliceMcCarthy,Rock
AliceMcCarthy,Pop
AliceMcCarthy,Classical
AliceMcCarthy,Country
AliceMcCarthy,Jazz
AlexMason,Pop
AlexMason,Rock
